KeepAlive run Sat Oct 25 04:29:06 UTC 2025
KeepAlive run Wed Oct 29 08:26:23 UTC 2025
KeepAlive run Sat Nov  1 08:21:18 UTC 2025
KeepAlive run Sat Nov 15 08:22:06 UTC 2025
KeepAlive run Sat Nov 29 08:24:25 UTC 2025
KeepAlive run Mon Dec  1 08:30:48 UTC 2025
KeepAlive run Mon Dec 15 08:31:22 UTC 2025
KeepAlive run Mon Dec 29 08:30:28 UTC 2025
KeepAlive run Thu Jan  1 08:28:20 UTC 2026
KeepAlive run Thu Jan 15 08:30:29 UTC 2026
KeepAlive run Thu Jan 29 08:38:20 UTC 2026
KeepAlive run Sun Feb  1 08:31:31 UTC 2026
KeepAlive run Sun Feb 15 08:32:30 UTC 2026
